{
  "c53c5960-1632-4e01-8f8f-11e18e53c337": {
    "timestamp": 1775921908.191574,
    "turn_count": 485
  },
  "f9924e88-c319-4610-820c-f7bfcae70c52": {
    "timestamp": 1775921908.191574,
    "turn_count": 48
  }
}